"TimeGenerated [UTC]",name,etag,state,displayName,findingCount,aiSummary,findings,"audit_createTime [UTC]","audit_updateTime [UTC]","audit_creator","audit_updater","detail_detailType","detail_dataLeak_severity","detail_dataLeak_discoveryDocumentIds","detail_insiderThreat_severity","detail_insiderThreat_discoveryDocumentIds","detail_initialAccessBroker_severity","detail_initialAccessBroker_discoveryDocumentIds","relevanceAnalysis_relevant","relevanceAnalysis_relevanceLevel","relevanceAnalysis_confidence","relevanceAnalysis_reasoning","relevanceAnalysis_evidence_commonThemes","relevanceAnalysis_evidence_distinctThemes","severityAnalysis_severityLevel","severityAnalysis_confidence","severityAnalysis_reasoning","priorityAnalysis_priorityLevel","priorityAnalysis_reasoning",TenantId,Type,"_ResourceId"
"5/29/2026, 6:10:02.034 AM","projects/gti-22cd0410-38b6-45a8-a8b4-bf/alerts/7e4ed876-e620-4ec6-a022-d59bea38fbe7","W/""32-75359024d9d8208e95d116f867b61569d0ccc5daab1e8f3502fbf7d270e1e4ec""",NEW,"Circumstantial Exposure of Indian Workforce Data in Nationwide Identity Leak",8,"A threat actor is selling a massive dataset containing 850 million Indian identity records, including Aadhaar numbers, names, and contact details. Crest Data's significant operational presence in Ahmedabad, India, suggests that personal data belonging to your local employees or partners may be included in this exposure. While the organization is not the primary target, the scale of the leak presents a circumstantial risk to the privacy of your regional workforce.","[""projects/gti-22cd0410-38b6-45a8-a8b4-bf/findings/63fad441-7d55-458a-a182-c402d66265e7"",""projects/gti-22cd0410-38b6-45a8-a8b4-bf/findings/04ba0d26-fe9f-4c88-8cb7-190a32165b00"",""projects/gti-22cd0410-38b6-45a8-a8b4-bf/findings/2124561d-764c-4bab-aa06-fa17e4de94cb"",""projects/gti-22cd0410-38b6-45a8-a8b4-bf/findings/ac644b65-c8fe-4852-9ce2-29b65892f013"",""projects/gti-22cd0410-38b6-45a8-a8b4-bf/findings/7b9e6d6f-786f-476a-a8ef-bc297c305299"",""projects/gti-22cd0410-38b6-45a8-a8b4-bf/findings/41c8b333-fa2a-4dd4-9515-6bf81ac7d99c"",""projects/gti-22cd0410-38b6-45a8-a8b4-bf/findings/bcfc6a80-c063-4179-be46-75ceaf5ac5a8"",""projects/gti-22cd0410-38b6-45a8-a8b4-bf/findings/ab504350-20b3-4677-a4ee-492f6060f0d2""]","5/27/2026, 7:06:14.498 PM","5/29/2026, 6:02:27.855 AM",backend,backend,"data_leak",HIGH,"[""projects/gti-22cd0410-38b6-45a8-a8b4-bf/alerts/7e4ed876-e620-4ec6-a022-d59bea38fbe7/documents/d69b50f1-df29-48b9-9dcb-5d5812923b3b"",""projects/gti-22cd0410-38b6-45a8-a8b4-bf/alerts/7e4ed876-e620-4ec6-a022-d59bea38fbe7/documents/74642210-c3f4-430e-acf1-0869650eda38"",""projects/gti-22cd0410-38b6-45a8-a8b4-bf/alerts/7e4ed876-e620-4ec6-a022-d59bea38fbe7/documents/fb420047-8530-4f8d-ab75-5627721fb7ff"",""projects/gti-22cd0410-38b6-45a8-a8b4-bf/alerts/7e4ed876-e620-4ec6-a022-d59bea38fbe7/documents/64930fd2-3bca-4471-9f8a-dabab4889797"",""projects/gti-22cd0410-38b6-45a8-a8b4-bf/alerts/7e4ed876-e620-4ec6-a022-d59bea38fbe7/documents/85922d24-7d1d-489e-a225-f6b602313f9a"",""projects/gti-22cd0410-38b6-45a8-a8b4-bf/alerts/7e4ed876-e620-4ec6-a022-d59bea38fbe7/documents/4c3ce2e2-ad81-482e-ba7a-cb37cea11c67"",""projects/gti-22cd0410-38b6-45a8-a8b4-bf/alerts/7e4ed876-e620-4ec6-a022-d59bea38fbe7/documents/0f6dfa25-aa65-4555-8fbc-03fe2d4bb365"",""projects/gti-22cd0410-38b6-45a8-a8b4-bf/alerts/7e4ed876-e620-4ec6-a022-d59bea38fbe7/documents/8ae425d0-09b6-4b55-87e6-a1549814f44b""]",,,,,true,"RELEVANCE_LEVEL_LOW","CONFIDENCE_LEVEL_HIGH","The findings describe a nationwide leak of 850 million Indian identity records. While Crest Data is not explicitly named, the company maintains a significant operational footprint and workforce in Ahmedabad, India, creating a circumstantial link to the personal data of local employees.","[""Geographic overlap with Client's Indian offices"",""Data format (JSON) matches Client's tech stack""]","[""No mention of Crest Data"",""No mention of Neuwave"",""Target is a national dataset, not a corporate entity""]","SEVERITY_LEVEL_HIGH","CONFIDENCE_LEVEL_HIGH","The leak involves highly sensitive PII, including Aadhaar numbers and contact details. Although this is a general data leak where the client is not the primary target, the potential exposure of a large portion of the regional workforce warrants a High severity rating based on the underlying findings.","PRIORITY_LEVEL_LOW","Review this threat as a circumstantial risk to your Indian workforce. While the data is highly sensitive, the lack of direct targeting against Crest Data suggests this is a broad regional issue rather than a focused attack on your core business operations.","366eb718-719f-42bf-a9ff-3fceb431e483","RelevanceSystemAlerts_CL",
"5/29/2026, 3:40:01.734 AM","projects/gti-22cd0410-38b6-45a8-a8b4-bf/alerts/4ca76fdb-371e-4624-b22e-8bdc3b79648a","W/""32-83a253a502193b0c392037e3cfca02b46fd68aaea1767191b211dba226873130""",NEW,"GitLab Administrative Access and Source Code Exposure Targeting US DevOps Sector",2,"A threat actor is advertising administrative access to a GitLab instance belonging to a US-based organization that closely matches your revenue and operational profile. The access includes over 300 projects, source code, databases, and API tokens. Given your role as a managed service provider with deep integrations into client environments, such an exposure would represent a critical supply chain risk. You should immediately audit GitLab access logs, verify the integrity of your CI/CD pipelines, and ensure multi-factor authentication is enforced for all administrative accounts.","[""projects/gti-22cd0410-38b6-45a8-a8b4-bf/findings/2cce0589-bfba-4746-8206-6efbd03375ed"",""projects/gti-22cd0410-38b6-45a8-a8b4-bf/findings/b2828c56-b964-4567-aee3-46a13bf94524""]","5/28/2026, 6:17:56.426 PM","5/29/2026, 3:31:24.899 AM",backend,backend,"initial_access_broker",,,,,HIGH,"[""projects/gti-22cd0410-38b6-45a8-a8b4-bf/alerts/4ca76fdb-371e-4624-b22e-8bdc3b79648a/documents/9b446d68-3138-45ab-872d-799eb39fd8f5"",""projects/gti-22cd0410-38b6-45a8-a8b4-bf/alerts/4ca76fdb-371e-4624-b22e-8bdc3b79648a/documents/e97fad80-c7cf-42ec-a383-2188f5385742""]",true,"RELEVANCE_LEVEL_MEDIUM","CONFIDENCE_LEVEL_MEDIUM","The findings describe a GitLab administrative access offer for a US-based organization with approximately $128 million in revenue. While Crest Data is not explicitly named, the victim's profile—specifically the geographic location, revenue scale, and heavy reliance on DevOps tools—circumstantially aligns with your operational footprint and technology stack.","[""Geography matches USA"",""Revenue profile is consistent with a mid-sized private tech firm""]","[""No explicit mention of Crest Data or its domains"",""No industry-specific identifiers (e.g., Cybersecurity, AI, Managed Services)"",""Revenue is a generic filter and not a unique identifier""]","SEVERITY_LEVEL_HIGH","CONFIDENCE_LEVEL_HIGH","The threat involves administrative access to a GitLab environment, including over 300 projects, source code, databases, and API tokens. This constitutes critical access that could lead to full environment compromise, intellectual property theft, and supply chain attacks.","PRIORITY_LEVEL_MEDIUM","Review this threat as a priority for your DevOps and Security teams. While the victim is not confirmed as Crest Data, the alignment in revenue and infrastructure makes this a credible circumstantial risk that warrants internal verification of GitLab access logs and credential rotations.","366eb718-719f-42bf-a9ff-3fceb431e483","RelevanceSystemAlerts_CL",
"5/28/2026, 9:30:01.363 AM","projects/gti-22cd0410-38b6-45a8-a8b4-bf/alerts/4c30a712-b31a-4f68-9b29-3051da552f27","W/""32-06391cbe7cf6b2841730c399cb1cb3e5652595fe8e625ba3ca4ef189b5ffb8cd""",RESOLVED,"Potential Initial Access Targeting US-Based Technology and Engineering Sector",1,"A threat actor is offering administrative access to a GitLab instance belonging to a US-based company with approximately $128 million in revenue and over 300 projects. This finding is classified as **Medium Relevance**; while your organization is not explicitly named, the technical infrastructure (GitLab), geographic location (USA), and scale of projects circumstantially align with your profile as a large-scale product engineering and technology solutions provider.","[""projects/gti-22cd0410-38b6-45a8-a8b4-bf/findings/0968d770-6389-404c-a64c-9b600a631f3e""]","5/27/2026, 9:03:28.797 PM","5/28/2026, 9:29:23.152 AM",backend,"0x1000003a782a8:AEjPq6XjEMFlA6hiVxfGhI0X6fDDjbrPW84aqGU#","initial_access_broker",,,,,HIGH,"[""projects/gti-22cd0410-38b6-45a8-a8b4-bf/alerts/4c30a712-b31a-4f68-9b29-3051da552f27/documents/2d3b1b5a-764a-4d5d-9fc2-816aac874273""]",true,"RELEVANCE_LEVEL_MEDIUM","CONFIDENCE_LEVEL_MEDIUM","The artifact describes a US-based company with $128M in revenue, which aligns with the profile of a mid-sized technology firm like Crest Data (1,200+ employees). While there is no explicit name mention, the focus on GitLab access with 300+ projects is highly consistent with a product engineering and AI-first technology solutions provider.","[""Geography: USA"",""Infrastructure: GitLab (consistent with a software engineering firm)"",""Scale: 300+ projects aligns with a firm of 1,200+ engineers""]","[""No explicit mention of 'Crest Data' or 'crestdata.ai'"",""Revenue figure ($128M) is not explicitly confirmed in the provided profile""]","SEVERITY_LEVEL_HIGH","CONFIDENCE_LEVEL_HIGH","The actor is selling GitLab Admin access, which includes SSH keys, databases, tokens, APIs, and source code. For a company whose core business is product engineering and managed SOC services, this represents a total compromise of intellectual property and potential supply chain access to clients.","PRIORITY_LEVEL_MEDIUM","Treat this as a high-priority investigation. While the target is not explicitly named, the profile match is strong and the impact of a GitLab Admin compromise would be catastrophic to your engineering integrity and client trust.","366eb718-719f-42bf-a9ff-3fceb431e483","RelevanceSystemAlerts_CL",
"5/28/2026, 11:10:01.452 AM","projects/gti-22cd0410-38b6-45a8-a8b4-bf/alerts/4c30a712-b31a-4f68-9b29-3051da552f27","W/""32-a3ddbacd3e79ada13610ecd28bf83b915a4db91c21acc3e13fca1adff4d6035c""",TRIAGED,"Potential Initial Access Targeting US-Based Technology and Engineering Sector",1,"A threat actor is offering administrative access to a GitLab instance belonging to a US-based company with approximately $128 million in revenue and over 300 projects. This finding is classified as **Medium Relevance**; while your organization is not explicitly named, the technical infrastructure (GitLab), geographic location (USA), and scale of projects circumstantially align with your profile as a large-scale product engineering and technology solutions provider.","[""projects/gti-22cd0410-38b6-45a8-a8b4-bf/findings/0968d770-6389-404c-a64c-9b600a631f3e""]","5/27/2026, 9:03:28.797 PM","5/28/2026, 11:09:51.544 AM",backend,"0x1000003a782a8:AEjPq6Uw2eJu1D6sPg6aBDyLZUXp70kblhR8blmC05rd#","initial_access_broker",,,,,HIGH,"[""projects/gti-22cd0410-38b6-45a8-a8b4-bf/alerts/4c30a712-b31a-4f68-9b29-3051da552f27/documents/2d3b1b5a-764a-4d5d-9fc2-816aac874273""]",true,"RELEVANCE_LEVEL_MEDIUM","CONFIDENCE_LEVEL_MEDIUM","The artifact describes a US-based company with $128M in revenue, which aligns with the profile of a mid-sized technology firm like Crest Data (1,200+ employees). While there is no explicit name mention, the focus on GitLab access with 300+ projects is highly consistent with a product engineering and AI-first technology solutions provider.","[""Geography: USA"",""Infrastructure: GitLab (consistent with a software engineering firm)"",""Scale: 300+ projects aligns with a firm of 1,200+ engineers""]","[""No explicit mention of 'Crest Data' or 'crestdata.ai'"",""Revenue figure ($128M) is not explicitly confirmed in the provided profile""]","SEVERITY_LEVEL_HIGH","CONFIDENCE_LEVEL_HIGH","The actor is selling GitLab Admin access, which includes SSH keys, databases, tokens, APIs, and source code. For a company whose core business is product engineering and managed SOC services, this represents a total compromise of intellectual property and potential supply chain access to clients.","PRIORITY_LEVEL_MEDIUM","Treat this as a high-priority investigation. While the target is not explicitly named, the profile match is strong and the impact of a GitLab Admin compromise would be catastrophic to your engineering integrity and client trust.","366eb718-719f-42bf-a9ff-3fceb431e483","RelevanceSystemAlerts_CL",
"5/28/2026, 11:00:01.883 AM","projects/gti-22cd0410-38b6-45a8-a8b4-bf/alerts/51c68f39-2b9d-4b91-bdc0-c9ca792311de","W/""32-2cd05f6b316e432424a9519cce0fb06bb76c5cea14ea1fba65edd8fecbc78486""",ESCALATED,"Massive Exposure of Indian Citizen PII and National Identity Data",1,"A threat actor is advertising a database from the 'Hitek syndicate' allegedly containing 850 million records of Indian citizens, including Aadhar numbers, physical addresses, and contact information. This finding is classified as **Low Relevance**; while your organization is not explicitly named or targeted, the massive scale of the exposure and your significant workforce in India create a circumstantial risk that employee personal identifiable information (PII) may be included in this dataset.","[""projects/gti-22cd0410-38b6-45a8-a8b4-bf/findings/e98b6572-25bb-463d-abf2-e3854d975400""]","5/20/2026, 8:23:54.380 AM","5/28/2026, 10:58:19.427 AM",backend,"0x1000003a782a8:AEjPq6Uw2eJu1D6sPg6aBDyLZUXp70kblhR8blmC05rd#","data_leak",MEDIUM,"[""projects/gti-22cd0410-38b6-45a8-a8b4-bf/alerts/51c68f39-2b9d-4b91-bdc0-c9ca792311de/documents/aee3ae9f-eafc-46e3-ba45-005668c049ea""]",,,,,true,"RELEVANCE_LEVEL_LOW","CONFIDENCE_LEVEL_HIGH","Massive leak of 850 million Indian citizen records including Aadhar numbers and PII. While Crest Data is not the target, its significant presence in India (1,200+ engineers, multiple Ahmedabad offices) makes it statistically certain that employee PII is included in this national-scale exposure.","[""Geographic overlap with primary operations in India"",""Data types (Aadhar, Mobile, Email) match Indian employee profile""]","[""No direct mention of Crest Data"",""Target is a generic syndicate/national database"",""Sample data focuses on Airtel Delhi subscribers""]","SEVERITY_LEVEL_MEDIUM","CONFIDENCE_LEVEL_HIGH","Exposure of Aadhar numbers, mobile numbers, and full addresses enables high-fidelity social engineering and identity theft against Indian staff. However, this is a third-party/national leak, not a direct breach of corporate systems.","PRIORITY_LEVEL_LOW","Review this threat as part of general personnel security awareness; the high volume of exposed Indian PII increases the risk of targeted phishing against your India-based engineering teams.","366eb718-719f-42bf-a9ff-3fceb431e483","RelevanceSystemAlerts_CL",
"5/28/2026, 11:30:02.164 AM","projects/gti-22cd0410-38b6-45a8-a8b4-bf/alerts/5a8523ce-97dd-4c78-971b-e481148876e1","W/""32-669e2e26beed97a3d0e0621b9be972269317a6aac73585b967c20dbc449203c7""",TRIAGED,"Potential Exposure in Large-Scale Global Corporate Data Auction",1,"A threat actor is auctioning a massive 170GB database containing hundreds of millions of credentials, including 10 million corporate records and 1.5 million records specifically targeting US business executives. This finding is classified as **Low Relevance**; while your organization is not explicitly named, the inclusion of a significant volume of US-based corporate and executive data aligns with your operational profile and geographic headquarters, suggesting a circumstantial risk of employee or stakeholder credential exposure.","[""projects/gti-22cd0410-38b6-45a8-a8b4-bf/findings/cf2ef69a-7381-4c11-b1ee-267024da8128""]","5/27/2026, 11:24:41.352 AM","5/28/2026, 11:22:51.441 AM",backend,"0x1000003a782a8:AEjPq6Uw2eJu1D6sPg6aBDyLZUXp70kblhR8blmC05rd#","data_leak",MEDIUM,"[""projects/gti-22cd0410-38b6-45a8-a8b4-bf/alerts/5a8523ce-97dd-4c78-971b-e481148876e1/documents/50cb5381-553b-4093-b991-68d2b1c336b9""]",,,,,true,"RELEVANCE_LEVEL_LOW","CONFIDENCE_LEVEL_HIGH","The artifact is a massive, non-specific global data dump containing hundreds of millions of credentials and seed phrases. While it includes 10 million corporate records and 1.5 million US business elite records, there is no explicit mention of Crest Data, its domains, or its subsidiaries. Per the negative constraints, massive regional or global leaks without specific identifiers for the Client are classified as LOW relevance due to the statistical probability of employee or customer data being present in such a large volume.","[""Includes 10 million corporate mail:pass records"",""Includes 1.5 million US business elite records matching the Client's US headquarters location""]","[""No explicit mention of 'Crest Data'"",""No mention of 'crestdata.ai' or 'crestdatasys.com'"",""Artifact is a collection of public and private 'clouds' and 'logs' rather than a targeted breach""]","SEVERITY_LEVEL_MEDIUM","CONFIDENCE_LEVEL_MEDIUM","The leak contains high-sensitivity data types including corporate credentials and PII. If Client data is included, it could facilitate unauthorized access to corporate systems or targeted phishing against executives. However, the impact is indirect as the Client is not the primary target.","PRIORITY_LEVEL_LOW","Review this threat as part of general credential hygiene and monitoring. While the volume of data is significant, the lack of direct targeting suggests this is not an immediate threat to core operations. Monitor for any leaked credentials appearing in third-party breach notification services.","366eb718-719f-42bf-a9ff-3fceb431e483","RelevanceSystemAlerts_CL",
"5/28/2026, 11:30:02.164 AM","projects/gti-22cd0410-38b6-45a8-a8b4-bf/alerts/51aa2506-34c4-4832-8eb5-4fd96515ccd3","W/""32-d293a5464b8fd9569f5cef214b999cc6130b6c169726239bce6926507ebf3f1f""",RESOLVED,"Potential Initial Access Targeting Cybersecurity Sector",1,"A threat actor is offering Root RCE and shell access to a Linux-based firewall belonging to a company in the DDoS protection space. This finding is classified as **Low Relevance** because while the target operates within the broader cybersecurity industry—aligning with your sector—the post does not explicitly name your organization and describes a specific service (DDoS protection) that is not your primary business focus.","[""projects/gti-22cd0410-38b6-45a8-a8b4-bf/findings/73827fc3-28a2-4bc6-a106-5e1e79434f5d""]","4/30/2026, 11:13:22.092 PM","5/28/2026, 11:29:40.313 AM",backend,"0x1000003a782a8:AEjPq6U2kWH0lH8oggljUKc_uK1lvoKBTOS3VtWIWAtMVw#","initial_access_broker",,,,,HIGH,"[""projects/gti-22cd0410-38b6-45a8-a8b4-bf/alerts/51aa2506-34c4-4832-8eb5-4fd96515ccd3/documents/ef5c5eae-fd59-4a4b-8755-cdf920fd9b3a""]",true,"RELEVANCE_LEVEL_LOW","CONFIDENCE_LEVEL_MEDIUM","The artifact targets a 'DDoS Protection Company,' which is a specific sub-sector of cybersecurity. While Crest Data provides cybersecurity and managed SOC services, it is primarily an AI-first product engineering firm rather than a dedicated DDoS protection provider. No specific identifiers (name, domain, or IP) link this access to your infrastructure.","[""Matches 'Cybersecurity' industry vertical""]","[""Crest Data is not primarily a 'DDoS Protection Company'"",""No mention of San Jose or India locations"",""No mention of Crest Data or Neuwave brands""]","SEVERITY_LEVEL_HIGH","CONFIDENCE_LEVEL_HIGH","The actor claims Root RCE and Shell access on a firewall. This represents critical access that would allow for full network compromise, traffic interception, and lateral movement if the victim were confirmed to be the Client.","PRIORITY_LEVEL_LOW","The threat is categorized as Low priority because the victim description does not closely match your primary business model as an engineering and AI services firm. However, given the high severity of Root firewall access, this should be monitored only if you have specific DDoS protection assets or subsidiaries that fit this description.","366eb718-719f-42bf-a9ff-3fceb431e483","RelevanceSystemAlerts_CL",
"5/28/2026, 2:20:01.994 PM","projects/gti-22cd0410-38b6-45a8-a8b4-bf/alerts/7e4ed876-e620-4ec6-a022-d59bea38fbe7","W/""32-80600738047b87a7bbde79096bfb9c0907a5852f1f65b63c59e7281ba360d897""",NEW,"Circumstantial Exposure of Indian Workforce PII in Nationwide Identity Leak",6,"A threat actor is selling a massive dataset containing 850 million Indian identity records, including Aadhaar numbers, addresses, and emails. While Crest Data is not the primary target, your significant operational presence in Ahmedabad and large Indian workforce create a high probability that employee personal data is included in this breach. This exposure increases the risk of identity theft and sophisticated social engineering attacks against your staff. You should advise your Indian-based employees to remain vigilant against unsolicited communications and monitor for unauthorized use of their identity credentials.","[""projects/gti-22cd0410-38b6-45a8-a8b4-bf/findings/04ba0d26-fe9f-4c88-8cb7-190a32165b00"",""projects/gti-22cd0410-38b6-45a8-a8b4-bf/findings/2124561d-764c-4bab-aa06-fa17e4de94cb"",""projects/gti-22cd0410-38b6-45a8-a8b4-bf/findings/7b9e6d6f-786f-476a-a8ef-bc297c305299"",""projects/gti-22cd0410-38b6-45a8-a8b4-bf/findings/41c8b333-fa2a-4dd4-9515-6bf81ac7d99c"",""projects/gti-22cd0410-38b6-45a8-a8b4-bf/findings/bcfc6a80-c063-4179-be46-75ceaf5ac5a8"",""projects/gti-22cd0410-38b6-45a8-a8b4-bf/findings/ab504350-20b3-4677-a4ee-492f6060f0d2""]","5/27/2026, 7:06:14.498 PM","5/28/2026, 2:14:03.210 PM",backend,backend,"data_leak",HIGH,"[""projects/gti-22cd0410-38b6-45a8-a8b4-bf/alerts/7e4ed876-e620-4ec6-a022-d59bea38fbe7/documents/d69b50f1-df29-48b9-9dcb-5d5812923b3b"",""projects/gti-22cd0410-38b6-45a8-a8b4-bf/alerts/7e4ed876-e620-4ec6-a022-d59bea38fbe7/documents/74642210-c3f4-430e-acf1-0869650eda38"",""projects/gti-22cd0410-38b6-45a8-a8b4-bf/alerts/7e4ed876-e620-4ec6-a022-d59bea38fbe7/documents/fb420047-8530-4f8d-ab75-5627721fb7ff"",""projects/gti-22cd0410-38b6-45a8-a8b4-bf/alerts/7e4ed876-e620-4ec6-a022-d59bea38fbe7/documents/64930fd2-3bca-4471-9f8a-dabab4889797"",""projects/gti-22cd0410-38b6-45a8-a8b4-bf/alerts/7e4ed876-e620-4ec6-a022-d59bea38fbe7/documents/85922d24-7d1d-489e-a225-f6b602313f9a"",""projects/gti-22cd0410-38b6-45a8-a8b4-bf/alerts/7e4ed876-e620-4ec6-a022-d59bea38fbe7/documents/4c3ce2e2-ad81-482e-ba7a-cb37cea11c67""]",,,,,true,"RELEVANCE_LEVEL_LOW","CONFIDENCE_LEVEL_HIGH","All findings indicate a Low Relevance score. While Crest Data is not explicitly named, the massive scale of the 850 million record leak in India directly overlaps with your significant operational footprint and workforce in Ahmedabad. This creates a circumstantial risk that employee PII, including Aadhaar numbers and contact details, is included in the dataset.","[""Geographic overlap with Client's major offices in Ahmedabad, India"",""Massive scale (850M records) suggests inclusion of Client's Indian employees""]","[""No direct mention of Crest Data"",""No direct mention of crestdata.ai or related domains""]","SEVERITY_LEVEL_HIGH","CONFIDENCE_LEVEL_HIGH","The severity is High because the leaked data includes critical PII such as Aadhaar numbers, full names, and addresses. Under the Data Leak (Type B) criteria, exposure of sensitive government identifiers and personal records for a large portion of the workforce constitutes High severity due to the potential for identity theft and targeted phishing.","PRIORITY_LEVEL_LOW","This threat is classified as LOW priority because, despite the high sensitivity of the data, the relevance is low. The leak is a general nationwide event rather than a targeted attack on Crest Data. Review this only after addressing direct threats to your infrastructure, as it primarily impacts employee personal privacy rather than corporate systems or client data security directly. Monitor for increased phishing attempts targeting Indian staff members as a secondary effect of this leak.","366eb718-719f-42bf-a9ff-3fceb431e483","RelevanceSystemAlerts_CL",
"5/28/2026, 3:00:01.657 PM","projects/gti-22cd0410-38b6-45a8-a8b4-bf/alerts/7e4ed876-e620-4ec6-a022-d59bea38fbe7","W/""32-a918368fb3d57d1f2c5e7570e7f3bb0920571b17d49ce00b41b053b009ed7af5""",NEW,"Circumstantial Exposure Risk to Indian Workforce in Nationwide Identity Leak",7,"A threat actor is marketing a massive dataset containing 850 million Indian identity records, including Aadhaar numbers, addresses, and contact details. While Crest Data is not the specific target of this breach, your significant operational presence and large engineering workforce in Ahmedabad, India, suggest a high probability that your employees' personal information is included in this leak. This exposure does not directly compromise corporate systems but increases the risk of targeted phishing or social engineering attacks against your Indian personnel.","[""projects/gti-22cd0410-38b6-45a8-a8b4-bf/findings/04ba0d26-fe9f-4c88-8cb7-190a32165b00"",""projects/gti-22cd0410-38b6-45a8-a8b4-bf/findings/2124561d-764c-4bab-aa06-fa17e4de94cb"",""projects/gti-22cd0410-38b6-45a8-a8b4-bf/findings/ac644b65-c8fe-4852-9ce2-29b65892f013"",""projects/gti-22cd0410-38b6-45a8-a8b4-bf/findings/7b9e6d6f-786f-476a-a8ef-bc297c305299"",""projects/gti-22cd0410-38b6-45a8-a8b4-bf/findings/41c8b333-fa2a-4dd4-9515-6bf81ac7d99c"",""projects/gti-22cd0410-38b6-45a8-a8b4-bf/findings/bcfc6a80-c063-4179-be46-75ceaf5ac5a8"",""projects/gti-22cd0410-38b6-45a8-a8b4-bf/findings/ab504350-20b3-4677-a4ee-492f6060f0d2""]","5/27/2026, 7:06:14.498 PM","5/28/2026, 2:56:40.951 PM",backend,backend,"data_leak",HIGH,"[""projects/gti-22cd0410-38b6-45a8-a8b4-bf/alerts/7e4ed876-e620-4ec6-a022-d59bea38fbe7/documents/d69b50f1-df29-48b9-9dcb-5d5812923b3b"",""projects/gti-22cd0410-38b6-45a8-a8b4-bf/alerts/7e4ed876-e620-4ec6-a022-d59bea38fbe7/documents/74642210-c3f4-430e-acf1-0869650eda38"",""projects/gti-22cd0410-38b6-45a8-a8b4-bf/alerts/7e4ed876-e620-4ec6-a022-d59bea38fbe7/documents/fb420047-8530-4f8d-ab75-5627721fb7ff"",""projects/gti-22cd0410-38b6-45a8-a8b4-bf/alerts/7e4ed876-e620-4ec6-a022-d59bea38fbe7/documents/64930fd2-3bca-4471-9f8a-dabab4889797"",""projects/gti-22cd0410-38b6-45a8-a8b4-bf/alerts/7e4ed876-e620-4ec6-a022-d59bea38fbe7/documents/85922d24-7d1d-489e-a225-f6b602313f9a"",""projects/gti-22cd0410-38b6-45a8-a8b4-bf/alerts/7e4ed876-e620-4ec6-a022-d59bea38fbe7/documents/4c3ce2e2-ad81-482e-ba7a-cb37cea11c67"",""projects/gti-22cd0410-38b6-45a8-a8b4-bf/alerts/7e4ed876-e620-4ec6-a022-d59bea38fbe7/documents/0f6dfa25-aa65-4555-8fbc-03fe2d4bb365""]",,,,,true,"RELEVANCE_LEVEL_LOW","CONFIDENCE_LEVEL_HIGH","The findings describe a nationwide data leak in India. While Crest Data is not explicitly named, the company maintains a significant operational footprint and a workforce of over 1,200 engineers primarily located in Ahmedabad, India. This creates a strong circumstantial link to the personal data of your local employees.","[""Geographic overlap with Client's major offices in Ahmedabad, India"",""Data types (Aadhaar, phone, email) match information held by Indian employees""]","[""No explicit mention of Crest Data"",""No mention of 'Neuwave' or other Client brands"",""Target is a national dataset, not a corporate entity""]","SEVERITY_LEVEL_LOW","CONFIDENCE_LEVEL_HIGH","This is a Type B Data Leak. Because the leak is a massive, general dataset where the client is not the primary target, it is classified as Low Severity. The impact is indirect, potentially exposing employee PII (Aadhaar numbers, emails) rather than corporate-owned data or infrastructure.","PRIORITY_LEVEL_LOW","This item is classified as NONE priority because it represents a Low Relevance, Low Severity threat. While the data leak is massive, it is a general nationwide event rather than a targeted attack on your organization or its core business operations.","366eb718-719f-42bf-a9ff-3fceb431e483","RelevanceSystemAlerts_CL",
"5/28/2026, 11:20:02.106 AM","projects/gti-22cd0410-38b6-45a8-a8b4-bf/alerts/0516d6f8-d6b4-4102-8bac-2ce1374f034b","W/""32-245b1b5d37ed44ca0ce7b11081d7b40cda5faa35baa44da1a93968ad726300d4""","FALSE_POSITIVE","Circumstantial Supply Chain Risk via Vultr Infrastructure Data Leak",2,"A threat actor has published approximately 188,000 records allegedly stolen from Vultr, a global cloud infrastructure provider. While Crest Data is not explicitly identified in the leaked samples, the breach poses a circumstantial risk to your operations as a provider of CloudOps and managed SOC services. The exposure of infrastructure account details could potentially impact your sub-processors or clients who utilize Vultr for their technology stacks. You should monitor for any unauthorized access attempts or notifications from partners regarding this third-party exposure.","[""projects/gti-22cd0410-38b6-45a8-a8b4-bf/findings/fea3d43b-bbda-44ed-8228-35fbf1d4fc9c"",""projects/gti-22cd0410-38b6-45a8-a8b4-bf/findings/3903f808-8f60-43e5-a650-15a4d2baf104""]","5/1/2026, 6:44:14.443 AM","5/28/2026, 11:15:50.516 AM",backend,"0x1000003a782a8:AEjPq6Uw2eJu1D6sPg6aBDyLZUXp70kblhR8blmC05rd#","data_leak",MEDIUM,"[""projects/gti-22cd0410-38b6-45a8-a8b4-bf/alerts/0516d6f8-d6b4-4102-8bac-2ce1374f034b/documents/e6d2a053-0e10-44fd-a2d2-17d6270e2c25"",""projects/gti-22cd0410-38b6-45a8-a8b4-bf/alerts/0516d6f8-d6b4-4102-8bac-2ce1374f034b/documents/e870c747-4394-435d-890f-0d25480fa4ad""]",,,,,true,"RELEVANCE_LEVEL_LOW","CONFIDENCE_LEVEL_HIGH","The findings 'Potential Third-Party Data Exposure: Vultr Infrastructure Provider Leak' and 'Potential Threat to Cloud Infrastructure and Managed Service Providers' describe a leak from a cloud provider. While Crest Data is not explicitly named, the company's core business in CloudOps and managed services makes any major infrastructure provider leak a circumstantial supply chain concern.","[""Client operates in the Cloud Computing and Cybersecurity industry"",""Client utilizes multiple cloud infrastructure providers (AWS, GCP, Azure, DigitalOcean)""]","[""No explicit mention of 'Crest Data' or 'crestdata.ai' in the artifact sample"",""Vultr is not listed as a primary cloud provider in the Client profile""]","SEVERITY_LEVEL_MEDIUM","CONFIDENCE_LEVEL_MEDIUM","The leak involves 188,000 records of account information from a cloud infrastructure provider, which constitutes operational sensitivity for a firm managing client cloud environments.","PRIORITY_LEVEL_LOW","Review this threat only if time permits, as there is currently no evidence that your specific data or client environments were compromised in the Vultr leak.","366eb718-719f-42bf-a9ff-3fceb431e483","RelevanceSystemAlerts_CL",
"5/28/2026, 11:20:02.106 AM","projects/gti-22cd0410-38b6-45a8-a8b4-bf/alerts/4c30a712-b31a-4f68-9b29-3051da552f27","W/""32-7068ee9afc34ad1d592d353c138bbf65433650d638dc447758d868b0bc1a5cf6""",ESCALATED,"Potential Initial Access Targeting US-Based Technology and Engineering Sector",1,"A threat actor is offering administrative access to a GitLab instance belonging to a US-based company with approximately $128 million in revenue and over 300 projects. This finding is classified as **Medium Relevance**; while your organization is not explicitly named, the technical infrastructure (GitLab), geographic location (USA), and scale of projects circumstantially align with your profile as a large-scale product engineering and technology solutions provider.","[""projects/gti-22cd0410-38b6-45a8-a8b4-bf/findings/0968d770-6389-404c-a64c-9b600a631f3e""]","5/27/2026, 9:03:28.797 PM","5/28/2026, 11:17:39.069 AM",backend,"0x1000003a782a8:AEjPq6U2kWH0lH8oggljUKc_uK1lvoKBTOS3VtWIWAtMVw#","initial_access_broker",,,,,HIGH,"[""projects/gti-22cd0410-38b6-45a8-a8b4-bf/alerts/4c30a712-b31a-4f68-9b29-3051da552f27/documents/2d3b1b5a-764a-4d5d-9fc2-816aac874273""]",true,"RELEVANCE_LEVEL_MEDIUM","CONFIDENCE_LEVEL_MEDIUM","The artifact describes a US-based company with $128M in revenue, which aligns with the profile of a mid-sized technology firm like Crest Data (1,200+ employees). While there is no explicit name mention, the focus on GitLab access with 300+ projects is highly consistent with a product engineering and AI-first technology solutions provider.","[""Geography: USA"",""Infrastructure: GitLab (consistent with a software engineering firm)"",""Scale: 300+ projects aligns with a firm of 1,200+ engineers""]","[""No explicit mention of 'Crest Data' or 'crestdata.ai'"",""Revenue figure ($128M) is not explicitly confirmed in the provided profile""]","SEVERITY_LEVEL_HIGH","CONFIDENCE_LEVEL_HIGH","The actor is selling GitLab Admin access, which includes SSH keys, databases, tokens, APIs, and source code. For a company whose core business is product engineering and managed SOC services, this represents a total compromise of intellectual property and potential supply chain access to clients.","PRIORITY_LEVEL_MEDIUM","Treat this as a high-priority investigation. While the target is not explicitly named, the profile match is strong and the impact of a GitLab Admin compromise would be catastrophic to your engineering integrity and client trust.","366eb718-719f-42bf-a9ff-3fceb431e483","RelevanceSystemAlerts_CL",
"5/28/2026, 1:50:01.512 PM","projects/gti-22cd0410-38b6-45a8-a8b4-bf/alerts/7e4ed876-e620-4ec6-a022-d59bea38fbe7","W/""32-10d82d2c583f128f7866606969ca259c9af2079c9bf1ef97f5601aa7f2ac284b""",NEW,"Massive Indian Identity Data Leak Potentially Affecting Regional Workforce",5,"A threat actor is offering a massive dataset containing 850 million Indian identity records, including Aadhaar numbers, names, and contact details. Although Crest Data is not the primary target, your significant workforce in Ahmedabad and overall presence in India suggest a high likelihood that employee personal data is included. This exposure increases the risk of targeted phishing and social engineering attacks against your personnel. Monitor for unusual authentication patterns or increased phishing reports originating from your Indian operations.","[""projects/gti-22cd0410-38b6-45a8-a8b4-bf/findings/04ba0d26-fe9f-4c88-8cb7-190a32165b00"",""projects/gti-22cd0410-38b6-45a8-a8b4-bf/findings/2124561d-764c-4bab-aa06-fa17e4de94cb"",""projects/gti-22cd0410-38b6-45a8-a8b4-bf/findings/7b9e6d6f-786f-476a-a8ef-bc297c305299"",""projects/gti-22cd0410-38b6-45a8-a8b4-bf/findings/bcfc6a80-c063-4179-be46-75ceaf5ac5a8"",""projects/gti-22cd0410-38b6-45a8-a8b4-bf/findings/ab504350-20b3-4677-a4ee-492f6060f0d2""]","5/27/2026, 7:06:14.498 PM","5/28/2026, 1:48:33.522 PM",backend,backend,"data_leak",HIGH,"[""projects/gti-22cd0410-38b6-45a8-a8b4-bf/alerts/7e4ed876-e620-4ec6-a022-d59bea38fbe7/documents/d69b50f1-df29-48b9-9dcb-5d5812923b3b"",""projects/gti-22cd0410-38b6-45a8-a8b4-bf/alerts/7e4ed876-e620-4ec6-a022-d59bea38fbe7/documents/74642210-c3f4-430e-acf1-0869650eda38"",""projects/gti-22cd0410-38b6-45a8-a8b4-bf/alerts/7e4ed876-e620-4ec6-a022-d59bea38fbe7/documents/fb420047-8530-4f8d-ab75-5627721fb7ff"",""projects/gti-22cd0410-38b6-45a8-a8b4-bf/alerts/7e4ed876-e620-4ec6-a022-d59bea38fbe7/documents/64930fd2-3bca-4471-9f8a-dabab4889797"",""projects/gti-22cd0410-38b6-45a8-a8b4-bf/alerts/7e4ed876-e620-4ec6-a022-d59bea38fbe7/documents/85922d24-7d1d-489e-a225-f6b602313f9a""]",,,,,true,"RELEVANCE_LEVEL_LOW","CONFIDENCE_LEVEL_HIGH","Multiple findings detail a nationwide Indian identity leak involving 850 million records. While Crest Data is not explicitly targeted, the company's significant operational footprint and large engineering workforce in Ahmedabad create a strong circumstantial link to potential employee data exposure.","[""Geographic overlap with Client's Indian offices in Ahmedabad"",""Data format (JSON) matches Client's technology stack""]","[""No direct mention of Crest Data"",""No mention of Client-specific domains or products"",""Target is a nationwide dataset, not a corporate entity""]","SEVERITY_LEVEL_HIGH","CONFIDENCE_LEVEL_HIGH","The leak involves highly sensitive national identity data, including Aadhaar numbers and full PII. The scale of the breach suggests a high probability that a significant portion of the client's Indian-based personnel are affected.","PRIORITY_LEVEL_LOW","Assign this a low priority for immediate technical response as it is a broad, non-targeted leak. Focus efforts on employee awareness regarding potential phishing or social engineering that may leverage this exposed PII.","366eb718-719f-42bf-a9ff-3fceb431e483","RelevanceSystemAlerts_CL",
"5/28/2026, 6:20:01.742 PM","projects/gti-22cd0410-38b6-45a8-a8b4-bf/alerts/4ca76fdb-371e-4624-b22e-8bdc3b79648a","W/""32-4937cf6a8c7627f2db562f633975589d12cff692aca99cb4775344fba40333d7""",NEW,"Potential Initial Access Targeting US-Based IT and DevOps Sector",1,"A threat actor is offering administrative access to a GitLab environment belonging to a US-based organization with approximately $128 million in revenue. The offer includes access to over 300 projects, source code, databases, and API tokens. This finding is classified as **Medium Relevance**; while your organization is not explicitly named, the victim's profile—specifically the geographic location, revenue scale, and heavy reliance on DevOps tools like GitLab—circumstantially aligns with Crest Data's operational footprint.","[""projects/gti-22cd0410-38b6-45a8-a8b4-bf/findings/2cce0589-bfba-4746-8206-6efbd03375ed""]","5/28/2026, 6:17:56.426 PM","5/28/2026, 6:17:56.426 PM",backend,backend,"initial_access_broker",,,,,HIGH,"[""projects/gti-22cd0410-38b6-45a8-a8b4-bf/alerts/4ca76fdb-371e-4624-b22e-8bdc3b79648a/documents/9b446d68-3138-45ab-872d-799eb39fd8f5""]",true,"RELEVANCE_LEVEL_MEDIUM","CONFIDENCE_LEVEL_MEDIUM","The victim profile (USA-based, $128M revenue, GitLab environment with 300+ projects) aligns with Crest Data's operational scale and geographic location, though no explicit name is mentioned.","[""Geography: USA"",""Revenue: $128 Million (consistent with a 1,200+ employee IT firm)"",""Technology: GitLab (consistent with a software engineering and DevOps firm)""]","[""No explicit mention of 'Crest Data' or 'crestdata.ai'""]","SEVERITY_LEVEL_HIGH","CONFIDENCE_LEVEL_HIGH","Actor claims Admin access to GitLab, including SSH keys, databases, tokens, APIs, and source code for over 300 projects, which would enable a total compromise of the CI/CD pipeline and supply chain.","PRIORITY_LEVEL_MEDIUM","Treat this as a Medium priority for internal investigation. While the victim is unnamed, the profile match is strong enough to warrant a review of GitLab access logs and token rotations, especially given the potential for a supply chain attack against your 150+ enterprise clients.","366eb718-719f-42bf-a9ff-3fceb431e483","RelevanceSystemAlerts_CL",
