ASIM Field Name,Source Field,Field Class,Field Type,Mapping Logic/Value,Confidence (0-100),Mapping Reason,Allowed Values,Notes,Alternative Mappings
TimeGenerated,alerts[].audit.createTime,Mandatory,datetime,todatetime(alerts[].audit.createTime),95,RFC 3339 timestamp when the alert was created maps directly to TimeGenerated. This is the standard time the event was generated.,,,
EventCount,alerts[].findingCount,Mandatory,int,toint(alerts[].findingCount),85,findingCount represents the total number of findings linked to this alert. This can be used as EventCount since it's returned as a string and needs type conversion.,,"Source provides as string, requires conversion to int.",
EventStartTime,alerts[].audit.createTime,Mandatory,datetime,todatetime(alerts[].audit.createTime),90,The alert creation time represents when the event/alert started. RFC 3339 timestamp maps directly to datetime.,,,
EventEndTime,alerts[].audit.updateTime,Mandatory,datetime,todatetime(alerts[].audit.updateTime),90,"The alert update time represents the most recent time the event was observed or updated, suitable for EventEndTime.",,,
EventType,,Mandatory,string,"Static: ""Alert""",100,ASIM AlertEvent schema requires EventType to be 'Alert'. This is a static value per schema specification.,Alert,,
EventUid,alerts[].name,Mandatory,string,alerts[].name,95,Unique resource name of the alert (projects/{project}/alerts/{alert_id}) serves as the unique event identifier.,,,
EventProduct,,Mandatory,string,"Static: ""Google Threat Intelligence""",100,Static value representing the product generating the alerts. Google Threat Intelligence is the source product.,,Custom product value for Google Threat Intelligence.,
EventVendor,,Mandatory,string,"Static: ""Google""",100,Static value representing the vendor. Google is the vendor for Google Threat Intelligence.,,Custom vendor value for Google.,
EventSchema,,Mandatory,string,"Static: ""AlertEvent""",100,Static value per ASIM specification. The schema used for this event is AlertEvent.,AlertEvent,,
EventSchemaVersion,,Mandatory,string,"Static: ""0.1""",100,Static value representing the ASIM Alert schema version as documented.,,,
Type,,Mandatory,string,"Static: ""GoogleThreatIntelligenceAlert""",100,The original table from which the record was fetched. Static value representing the custom table name for Google Threat Intelligence alerts.,,,
AlertName,alerts[].displayName,Recommended,string,alerts[].displayName,95,Human-readable title summarizing the alert maps directly to AlertName.,,,
EventSubType,alerts[].detail.detailType,Recommended,string,"case(alerts[].detail.detailType == ""data_leak"", ""Threat"", alerts[].detail.detailType == ""vulnerability"", ""Vulnerability"", alerts[].detail.detailType == ""malware"", ""Threat"", alerts[].detail.detailType == ""initial_access_broker"", ""Threat"", alerts[].detail.detailType == ""insider_threat"", ""Threat"", ""Suspicious Activity"")",85,"The detailType field indicates the nature of the alert (data_leak, vulnerability, malware, etc.) which maps to ASIM EventSubType categories.",Threat|Suspicious Activity|Policy Violation|Anomaly|Compliance Violation|Vulnerability,Mapping based on Google Threat Intelligence alert types to ASIM categories.,
EventSeverity,alerts[].severityAnalysis.severityLevel,Recommended,string,"case(alerts[].severityAnalysis.severityLevel == ""SEVERITY_LEVEL_CRITICAL"", ""High"", alerts[].severityAnalysis.severityLevel == ""SEVERITY_LEVEL_HIGH"", ""High"", alerts[].severityAnalysis.severityLevel == ""SEVERITY_LEVEL_MEDIUM"", ""Medium"", alerts[].severityAnalysis.severityLevel == ""SEVERITY_LEVEL_LOW"", ""Low"", ""Informational"")",90,severityAnalysis.severityLevel provides severity classification that maps to ASIM EventSeverity values. Critical and High map to High per ASIM spec.,High|Medium|Low|Informational,"ASIM does not have Critical severity, so CRITICAL is mapped to High.",
EventOriginalSeverity,alerts[].severityAnalysis.severityLevel,Optional,string,alerts[].severityAnalysis.severityLevel,95,Original severity value from source preserved as EventOriginalSeverity.,,,
EventOriginalType,alerts[].detail.detailType,Optional,string,alerts[].detail.detailType,95,"Original event type from source (data_leak, vulnerability, malware, etc.) preserved.",,,
EventOriginalUid,alerts[].name,Optional,string,alerts[].name,95,The unique resource name from Google Threat Intelligence serves as the original UID.,,,
EventMessage,alerts[].aiSummary,Optional,string,alerts[].aiSummary,95,AI-generated natural-language summary provides detailed information about the alert including relevance and reasoning.,,,
AlertOriginalStatus,alerts[].state,Optional,string,alerts[].state,95,"The original state from source (NEW, IN_PROGRESS, CLOSED, TRIAGED, etc.) preserved as AlertOriginalStatus.",,,
AlertStatus,alerts[].state,Optional,string,"case(alerts[].state in (""NEW"", ""READ"", ""TRIAGED"", ""ESCALATED""), ""Active"", alerts[].state in (""RESOLVED"", ""DUPLICATE"", ""FALSE_POSITIVE"", ""NOT_ACTIONABLE"", ""BENIGN"", ""TRACKED_EXTERNALLY""), ""Closed"", ""Active"")",85,"Maps source alert states to ASIM AlertStatus values (Active/Closed). NEW, READ, TRIAGED, ESCALATED represent active states while RESOLVED and other terminal states map to Closed.",Active|Closed,,
AlertVerdict,alerts[].state,Optional,string,"case(alerts[].state == ""FALSE_POSITIVE"", ""False Positive"", alerts[].state == ""BENIGN"", ""Benign Positive"", alerts[].state == ""RESOLVED"", ""True Positive"", ""Unknown"")",75,"The state field contains verdict-related information. FALSE_POSITIVE and BENIGN map directly, RESOLVED implies True Positive.",True Positive|False Positive|Benign Positive|Unknown,,
ThreatCategory,alerts[].detail.detailType,Recommended,string,"case(alerts[].detail.detailType == ""data_leak"", ""Security Policy Violation"", alerts[].detail.detailType == ""malware"", ""Malware"", alerts[].detail.detailType == ""initial_access_broker"", ""Unknown"", alerts[].detail.detailType == ""insider_threat"", ""Security Policy Violation"", ""Unknown"")",75,"The detailType field can be mapped to ASIM ThreatCategory. Data leak and insider threat map to Security Policy Violation, malware maps to Malware.",Malware|Ransomeware|Trojan|Virus|Worm|Adware|Spyware|Rootkit|Cryptominer|Phishing|Spam|MaliciousUrl|Spoofing|Security Policy Violation|Unknown,Mapping is approximate based on available detail types.,
ThreatOriginalCategory,alerts[].detail.detailType,Optional,string,alerts[].detail.detailType,95,Original threat category from source preserved.,,,
ThreatConfidence,alerts[].relevanceAnalysis.confidence,Optional,int,"case(alerts[].relevanceAnalysis.confidence == ""CONFIDENCE_LEVEL_HIGH"", 90, alerts[].relevanceAnalysis.confidence == ""CONFIDENCE_LEVEL_MEDIUM"", 60, alerts[].relevanceAnalysis.confidence == ""CONFIDENCE_LEVEL_LOW"", 30, 50)",80,"Relevance confidence level converted to numeric scale 0-100. HIGH=90, MEDIUM=60, LOW=30.",,Numeric conversion from categorical values.,
ThreatOriginalConfidence,alerts[].relevanceAnalysis.confidence,Optional,string,alerts[].relevanceAnalysis.confidence,95,Original confidence level from source preserved.,,,
ThreatRiskLevel,alerts[].priorityAnalysis.priorityLevel,Optional,int,"case(alerts[].priorityAnalysis.priorityLevel == ""PRIORITY_LEVEL_CRITICAL"", 100, alerts[].priorityAnalysis.priorityLevel == ""PRIORITY_LEVEL_HIGH"", 75, alerts[].priorityAnalysis.priorityLevel == ""PRIORITY_LEVEL_MEDIUM"", 50, alerts[].priorityAnalysis.priorityLevel == ""PRIORITY_LEVEL_LOW"", 25, 0)",85,"Priority level maps to threat risk level on 0-100 scale. CRITICAL=100, HIGH=75, MEDIUM=50, LOW=25.",,,
ThreatOriginalRiskLevel,alerts[].priorityAnalysis.priorityLevel,Optional,string,alerts[].priorityAnalysis.priorityLevel,95,Original priority level from source preserved as ThreatOriginalRiskLevel.,,,
DetectionMethod,,Optional,string,"Static: ""Threat Intelligence""",95,"Google Threat Intelligence is a threat intelligence platform, so Threat Intelligence is the appropriate detection method.",EDR|Behavioral Analytics|Reputation|Threat Intelligence|Intrusion Detection|Automated Investigation|Antivirus|Data Loss Prevention|User Defined Blocked List|Cloud Security Posture Management,,
RuleDescription,alerts[].priorityAnalysis.reasoning,Optional,string,alerts[].priorityAnalysis.reasoning,75,"Priority reasoning provides context about why the alert was generated and prioritized, serving as rule description.",,,
Username,alerts[].audit.creator,Recommended,string,"iff(alerts[].audit.creator != ""backend"", alerts[].audit.creator, """")",60,"The creator field identifies who created the alert. If it's not 'backend', it could represent a user. Limited user context in source data.",,"Most alerts are created by 'backend', so user context is limited.","[{'source_field': 'alerts[].audit.updater', 'mapping_logic': 'iff(alerts[].audit.updater != ""backend"", alerts[].audit.updater, """")', 'confidence': 55, 'reason': 'Updater field might contain user information if a human updated the alert.'}]"
UsernameType,alerts[].audit.creator,Conditional,string,"iff(alerts[].audit.creator != ""backend"" and alerts[].audit.creator contains ""@"", ""UPN"", iff(alerts[].audit.creator != ""backend"", ""Simple"", """"))",60,"Conditional on Username being populated. If creator contains @ it's likely UPN (email), otherwise Simple.",UPN|Windows|DN|Simple,,
ThreatIsActive,alerts[].state,Optional,bool,"iff(alerts[].state in (""NEW"", ""READ"", ""TRIAGED"", ""ESCALATED""), true, false)",85,"Active states (NEW, READ, TRIAGED, ESCALATED) indicate the threat is still active. Resolved states indicate inactive.",,,
AdditionalFields,,Optional,dynamic,"bag_pack(""etag"", alerts[].etag, ""findings"", alerts[].findings, ""discoveryDocumentIds"", coalesce(alerts[].detail.dataLeak.discoveryDocumentIds, alerts[].detail.initialAccessBroker.discoveryDocumentIds, alerts[].detail.insiderThreat.discoveryDocumentIds), ""relevanceLevel"", alerts[].relevanceAnalysis.relevanceLevel, ""relevanceRelevant"", alerts[].relevanceAnalysis.relevant, ""relevanceReasoning"", alerts[].relevanceAnalysis.reasoning, ""commonThemes"", alerts[].relevanceAnalysis.evidence.commonThemes, ""distinctThemes"", alerts[].relevanceAnalysis.evidence.distinctThemes, ""severityReasoning"", alerts[].severityAnalysis.reasoning, ""severityConfidence"", alerts[].severityAnalysis.confidence, ""priorityReasoning"", alerts[].priorityAnalysis.reasoning)",90,"Preserves additional useful fields that don't map directly to ASIM schema including etag, findings, relevance analysis evidence, and detailed reasoning fields.",,Captures rich context from Google Threat Intelligence analysis fields.,
AlertDescription,,Alias,string,Reference: EventMessage,100,AlertDescription is an alias for EventMessage as per ASIM specification.,,,
AlertId,,Alias,string,Reference: EventUid,100,AlertId is an alias for EventUid as per ASIM specification.,,,
User,,Alias,string,Reference: Username,100,User is an alias for Username as per ASIM specification.,,,
ThreatFirstReportedTime,alerts[].audit.createTime,Optional,datetime,todatetime(alerts[].audit.createTime),85,The alert creation time represents when the threat was first reported/detected.,,,
ThreatLastReportedTime,alerts[].audit.updateTime,Optional,datetime,todatetime(alerts[].audit.updateTime),85,The alert update time represents the last time the threat was reported/updated.,,,
